Variant,Fold,Accuracy,MacroPrecision,MacroRecall,MacroF1,BestEpoch,Parameters
PlainMLP,1,0.4642857142857143,0.36282051282051286,0.4642857142857143,0.3958333333333333,50,4420
PlainMLP,2,0.5357142857142857,0.5422619047619047,0.5357142857142857,0.5132148553201185,50,4420
PlainMLP,3,0.2857142857142857,0.2875,0.2857142857142857,0.2833333333333333,50,4420
PlainMLP,4,0.4642857142857143,0.5458333333333334,0.46428571428571425,0.40602425180598556,50,4420
PlainMLP,5,0.6071428571428571,0.6145833333333333,0.6071428571428571,0.6076923076923078,50,4420
ResidualMLP,1,0.42857142857142855,0.3214285714285714,0.4285714285714285,0.36419172932330823,50,8580
ResidualMLP,2,0.4642857142857143,0.4547619047619047,0.4642857142857142,0.44982223658694254,50,8580
ResidualMLP,3,0.39285714285714285,0.41369047619047616,0.39285714285714285,0.3811688311688311,50,8580
ResidualMLP,4,0.5357142857142857,0.4211538461538461,0.5357142857142857,0.45588235294117646,50,8580
ResidualMLP,5,0.5357142857142857,0.5238095238095237,0.5357142857142856,0.5188852813852813,50,8580
FixedRFFT_Residual,1,1.0,1.0,1.0,1.0,50,10756
FixedRFFT_Residual,2,0.9642857142857143,0.96875,0.9642857142857143,0.9641025641025641,50,10756
FixedRFFT_Residual,3,0.9285714285714286,0.9330357142857143,0.9285714285714286,0.9283882783882784,50,10756
FixedRFFT_Residual,4,1.0,1.0,1.0,1.0,50,10756
FixedRFFT_Residual,5,0.9642857142857143,0.96875,0.9642857142857143,0.9641025641025641,50,10756
WeightedRFFT_Residual,1,0.9642857142857143,0.96875,0.9642857142857143,0.9641025641025642,50,10789
WeightedRFFT_Residual,2,0.9285714285714286,0.9444444444444444,0.9285714285714286,0.9270833333333334,50,10789
WeightedRFFT_Residual,3,0.8928571428571429,0.9027777777777778,0.8928571428571428,0.8918269230769231,50,10789
WeightedRFFT_Residual,4,0.8928571428571429,0.8958333333333334,0.8928571428571428,0.8923076923076924,50,10789
WeightedRFFT_Residual,5,0.8571428571428571,0.8660714285714286,0.8571428571428571,0.8593406593406594,50,10789
FixedRFFT_Hybrid,1,0.9642857142857143,0.96875,0.9642857142857143,0.9641025641025642,50,23172
FixedRFFT_Hybrid,2,0.9642857142857143,0.96875,0.9642857142857143,0.9641025641025641,50,23172
FixedRFFT_Hybrid,3,1.0,1.0,1.0,1.0,50,23172
FixedRFFT_Hybrid,4,1.0,1.0,1.0,1.0,50,23172
FixedRFFT_Hybrid,5,1.0,1.0,1.0,1.0,50,23172
WeightedRFFT_Hybrid_NoResidual,1,0.9642857142857143,0.96875,0.9642857142857143,0.9641025641025642,50,19045
WeightedRFFT_Hybrid_NoResidual,2,1.0,1.0,1.0,1.0,50,19045
WeightedRFFT_Hybrid_NoResidual,3,0.9642857142857143,0.96875,0.9642857142857143,0.9641025641025641,50,19045
WeightedRFFT_Hybrid_NoResidual,4,0.9285714285714286,0.9444444444444444,0.9285714285714286,0.9270833333333334,50,19045
WeightedRFFT_Hybrid_NoResidual,5,0.9285714285714286,0.9375,0.9285714285714286,0.925,50,19045
WeightedRFFT_Hybrid,1,0.8928571428571429,0.9017857142857143,0.8928571428571429,0.8950549450549451,50,23205
WeightedRFFT_Hybrid,2,0.9642857142857143,0.96875,0.9642857142857143,0.9641025641025641,50,23205
WeightedRFFT_Hybrid,3,0.9642857142857143,0.96875,0.9642857142857143,0.9641025641025641,50,23205
WeightedRFFT_Hybrid,4,0.9642857142857143,0.96875,0.9642857142857143,0.9641025641025641,50,23205
WeightedRFFT_Hybrid,5,0.9285714285714286,0.9285714285714286,0.9285714285714286,0.9285714285714286,50,23205
