accuracy,loss,val_accuracy,val_loss
0.2410714328289032,1.3867075443267822,0.2857142984867096,1.3854151964187622
0.2946428656578064,1.382424235343933,0.4285714328289032,1.3836792707443237
0.3660714328289032,1.3789997100830078,0.4285714328289032,1.3817026615142822
0.3839285671710968,1.3756381273269653,0.4285714328289032,1.3790987730026245
0.4375,1.3712711334228516,0.5,1.3762588500976562
0.4910714328289032,1.3659979104995728,0.5,1.3718938827514648
0.5267857313156128,1.3589202165603638,0.5,1.366730809211731
0.5535714030265808,1.3496748208999634,0.5,1.3594950437545776
0.6071428656578064,1.3374824523925781,0.5714285969734192,1.3496723175048828
0.6339285969734192,1.3219133615493774,0.6071428656578064,1.336445689201355
0.6785714030265808,1.3007071018218994,0.6071428656578064,1.3187886476516724
0.6696428656578064,1.2745410203933716,0.6428571343421936,1.2954224348068237
0.7321428656578064,1.240430235862732,0.6428571343421936,1.2667274475097656
0.7767857313156128,1.1994683742523193,0.6428571343421936,1.2308213710784912
0.8035714030265808,1.1497141122817993,0.6428571343421936,1.1886475086212158
0.8392857313156128,1.0927754640579224,0.7142857313156128,1.138927698135376
0.8571428656578064,1.0279300212860107,0.75,1.0843985080718994
0.875,0.9583337903022766,0.7857142686843872,1.0236941576004028
0.9017857313156128,0.8836867213249207,0.8928571343421936,0.95987468957901
0.8928571343421936,0.8073191046714783,0.9285714030265808,0.8945221304893494
0.8928571343421936,0.7313738465309143,0.8571428656578064,0.8282698392868042
0.9107142686843872,0.65825355052948,0.8571428656578064,0.7667276263237
0.9285714030265808,0.5908272862434387,0.8571428656578064,0.708318829536438
0.9375,0.53019779920578,0.8928571343421936,0.6555346250534058
0.9375,0.4757840633392334,0.8928571343421936,0.6093058586120605
0.9464285969734192,0.42836812138557434,0.8928571343421936,0.5637064576148987
0.9553571343421936,0.3852805495262146,0.8928571343421936,0.5253093838691711
0.9553571343421936,0.3472452163696289,0.8928571343421936,0.4868958294391632
0.9553571343421936,0.3115989863872528,0.8928571343421936,0.45436832308769226
0.9553571343421936,0.2797856628894806,0.8928571343421936,0.4206385314464569
0.9642857313156128,0.25054270029067993,0.9285714030265808,0.392671138048172
0.9732142686843872,0.22387245297431946,0.9285714030265808,0.36342954635620117
0.9821428656578064,0.1997627466917038,0.9285714030265808,0.3386814594268799
0.9821428656578064,0.17811301350593567,0.9642857313156128,0.31343725323677063
0.9821428656578064,0.15882372856140137,0.9642857313156128,0.29139444231987
0.9821428656578064,0.1416751593351364,0.9642857313156128,0.2710501253604889
0.9821428656578064,0.12645584344863892,0.9642857313156128,0.2518308758735657
0.9821428656578064,0.11299531161785126,0.9642857313156128,0.23373304307460785
0.9910714030265808,0.10120943933725357,0.9642857313156128,0.21870087087154388
0.9910714030265808,0.09072399139404297,0.9642857313156128,0.204398974776268
0.9910714030265808,0.08155707269906998,0.9642857313156128,0.1914559304714203
0.9910714030265808,0.07346067577600479,0.9642857313156128,0.17999067902565002
0.9910714030265808,0.06627331674098969,1.0,0.16963157057762146
1.0,0.05993920937180519,1.0,0.15987835824489594
1.0,0.05438107252120972,1.0,0.15180324018001556
1.0,0.04938068240880966,1.0,0.1443888396024704
1.0,0.04500886797904968,1.0,0.13723309338092804
1.0,0.041110556572675705,1.0,0.13074398040771484
1.0,0.037534985691308975,1.0,0.12492622435092926
1.0,0.034474048763513565,1.0,0.11947111785411835
