rank_by_abs_weight,frequency_bin,frequency_hz,learned_weight,abs_learned_weight,fisher_spectral_score,also_in_top_discriminative_bins
1,21,328.125,0.5246537327766418,0.5246537327766418,1.4049326684390675,True
2,22,343.75,0.5175791382789612,0.5175791382789612,0.3968410377797895,True
3,16,250.0,-0.510578453540802,0.510578453540802,0.4719104188968279,True
4,3,46.875,0.5056899189949036,0.5056899189949036,0.9363741286085162,True
5,6,93.75,0.43458226323127747,0.43458226323127747,0.22590503305211757,False
6,19,296.875,-0.42098841071128845,0.42098841071128845,0.5426425307783095,True
7,15,234.375,0.4194996953010559,0.4194996953010559,0.33459075508749275,False
8,24,375.0,0.41008397936820984,0.41008397936820984,0.1543895553128349,False
9,7,109.375,-0.409140020608902,0.409140020608902,0.2859575517998211,False
10,12,187.5,0.40672022104263306,0.40672022104263306,0.15359667603760513,False
